Code_Lith,Code_Unit,Concat
AGL,AGL,AGLAGL
ANT,ANT,ANTANT
AT,AT,ATAT
AT,AT-10,ATAT-10
AT,AT-20,ATAT-20
AT,AT-30,ATAT-30
AT,AT-40,ATAT-40
CBRK,CBRK,CBRKCBRK
CBX,CBX,CBXCBX
COLV,COLV,COLVCOLV
CV,CV,CVCV
DAC,DAC,DACDAC
DIO,DIO,DIODIO
FBX,FBX,FBXFBX
FLT,FLT,FLTFLT
FT,FT,FTFT
GNS,GNS,GNSGNS
GO,GO,GOGO
HYBX,HYBX,HYBXHYBX
JASP,JASP,JASPJASP
LIM,LIM,LIMLIM
LITF,LITF,LITFLITF
LS,LS,LSLS
MVOL,MVOL,MVOLMVOL
MYL,MYL,MYLMYL
NC,NC,NCNC
OV,OV,OVOV
PA,PAF-40,PAPAF-40
PA2,PAF-30,PA2PAF-30
PAF,PAF-20,PAFPAF-20
PAF-10,PAF-10,PAF-10PAF-10
PAF-50,PAF-50,PAF-50PAF-50
PAF-60,PAF-60,PAF-60PAF-60
PBX,PBX,PBXPBX
QCV,QCV,QCVQCV
QV,QV,QVQV
QZD,QZD,QZDQZD
QZT,QZT,QZTQZT
RCD,RCD,RCDRCD
RHD,RHD,RHDRHD
RIO,RIO,RIORIO
RIOTUF,RIOTUF,RIOTUFRIOTUF
SDBX,SDBX,SDBXSDBX
SDST,SDST,SDSTSDST
SMS,SMS,SMSSMS
SND,SND,SNDSND
SWK,SWK,SWKSWK
TA,TA,TATA
TBX,TBX,TBXTBX
TNL,TNL,TNLTNL
TUF,TUF,TUFTUF
VBX,VBX,VBXVBX
VCS,VCS,VCSVCS
VOLR,VOLR,VOLRVOLR
VSD,VSD,VSDVSD
XTUF,XTUF,XTUFXTUF
VCL,VCL,VCLVCL
VCL,VCL-10,VCLVCL-10
VCL,VCL-20,VCLVCL-20
VCL,VCL-21,VCLVCL-21
VCL,VCL-30,VCLVCL-30
VCL,VCL-40,VCLVCL-40
VCL,VCL-45,VCLVCL-45
VCL,VCL-50,VCLVCL-50
VCL,VCL-60,VCLVCL-60
LPT,LPT-10,LPTLPT-10
LPT,LPT-20,LPTLPT-20
LPT,LPT-30,LPTLPT-30
LPT,LPT-40,LPTLPT-40
LPT,LPT-50,LPTLPT-50
PAF-45,PAF-45,PAF-45PAF-45
PAF-60,PAF-60,PAF-60PAF-60
DK,DK,DKDK
RIO,RHD,RIORHD
NC,NR,NCNR
BBX,BBX,BBXBBX
APF,APF,APFAPF
RHDK,RIO,RHDKRIO
RPF,RPF,RPFRPF
TUF,Td,TUFTd
DAC,Td,DACTd
AND,Td,ANDTd
Py,PyV,PyPyV
CBX,Tpab1,CBXTpab1
QAL,QAL,QALQAL
RIO,Td,RIOTd
FLT,Jan,FLTJan
AND,Jan,ANDJan
